{
    "rmse": 0.6587689772070091,
    "mae": 0.5140544206181227,
    "r2": 0.30315673344246485
}